{
    "comment": "hydrogen photoionization 1s->kp channel with velocity form. basis are 5opt-cSTO-10cG from ~/ccolumbus/molint_in/H/opt_5sto_10g_E0.5.",
    "write_psi": {"file": "psi.csv",
		  "rs": {"type": "lin", "x0": 0.0, "x1": 100.0, "N": 1001} },
    "write_basis": {"file": "basis.csv",
		    "rs": {"type": "lin", "x0": 0.0, "x1": 100.0, "N": 1001} },    
    "target": {"type": "custom",
	       "driv": {"type":  "STO",
			"value": [{"c":-2.0, "n":1, "z":1.0}]
		       },
	       "E": 0.5,
	       "Z": 1.0,
	       "L": 1
	      },
    "basis": {"type": "GTO",
	      "opts": {"normalization_const": "none"},
	      "value": [
		  {"n": 2, "czs":[
		      [[0.0584915, -0.0031080206175820037], [9.44003, -0.0137111]],
		      [[0.0546998, -0.0029132758251755116], [5.51927, -0.0124802]],
		      [[0.0657451, -0.0030280311004672496], [3.46561, -0.0118033]],
		      [[0.080409, -0.0032193311842397673], [2.18258, -0.0112172]],
		      [[0.103048, -0.002880999743038083], [1.34129, -0.0105674]],
		      [[0.128347, -0.001177319620613511], [0.791028, -0.0097448]],
		      [[0.146594, 0.0032790995230267714], [0.443041, -0.00865346]],
		      [[0.131358, 0.009588349470976924], [0.234944, -0.0072395]],
		      [[0.0678916, 0.010039422598721641], [0.118538, -0.00555898]],
		      [[0.0102896, 0.002524227056473025], [0.056708, -0.00379362]]
		  ] },
		  {"n": 2, "czs": [
		      [[0.0588585, -0.016398722874206524], [9.42885, -0.0721323]],
		      [[0.0551148, -0.01550975239350969], [5.50944, -0.0656856]],
		      [[0.0671587, -0.016093209523000623], [3.45681, -0.062143]],
		      [[0.0830304, -0.017183103420371982], [2.17487, -0.0590749]],
		      [[0.108198, -0.015235005158403366], [1.33482, -0.0556641]],
		      [[0.136803, -0.0055092470340535275], [0.785958, -0.0513274]],
		      [[0.155791, 0.019945917932920516], [0.439421, -0.0455476]],
		      [[0.129417, 0.053856905453322106], [0.232602, -0.0380461]],
		      [[0.0504962, 0.05010053699740561], [0.117025, -0.0291697]],
		      [[0.00313137, 0.010071369947811], [0.0555297, -0.0199221]]
		  ] },
		  {"n": 2, "czs": [
		      [[0.0577523, -0.036537498577237024], [9.30273, -0.152151]],
		      [[0.0479958, -0.039685889957339016], [5.39532, -0.139432]],
		      [[0.0688958, -0.04028158283849555], [3.35268, -0.132534]],
		      [[0.0877788, -0.047914811251736286], [2.08186, -0.126577]],
		      [[0.129321, -0.045840030907507254], [1.2548, -0.119822]],
		      [[0.182839, -0.020939463082464773], [0.720797, -0.110863]],
		      [[0.219073, 0.06566350304709577], [0.390187, -0.0982858]],
		      [[0.125901, 0.17291574623176623], [0.198434, -0.0813525]],
		      [[-0.031108, 0.10106832933275788], [0.0947612, -0.0614112]],
		      [[-0.0145229, 0.0016454429828088469], [0.0413051, -0.0414403]]
		  ] },
		  {"n": 2, "czs": [
		      [[0.175922, -0.16193018623655], [0.941493, -0.0925205]],
		      [[0.234953, -0.11652899800091107], [0.55449, -0.083027]],
		      [[0.332713, -0.025863523193454495], [0.351971, -0.0775227]],
		      [[0.394102, 0.20816664885361127], [0.225889, -0.0723682]],
		      [[0.143803, 0.5297567573972221], [0.143439, -0.0663438]],
		      [[-0.411975, 0.353807211694749], [0.0891371, -0.0589558]],
		      [[-0.266799, -0.24109681334101796], [0.0536664, -0.050393]],
		      [[0.103473, -0.0816491242756603], [0.0308119, -0.0413449]],
		      [[0.00445124, 0.0207456336799555], [0.0163229, -0.0325524]],
		      [[-0.00078428, -0.000550516880784], [0.00720264, -0.0243905]]
		  ] },
		  {"n": 2, "czs": [
		      [[0.905772, 3.9278107427584237], [0.323409, -0.0615409]],
		      [[1.7443, -3.9564861919227132], [0.180745, -0.05626]],
		      [[0.581116, 4.014390470035584], [0.108099, -0.0525629]],
		      [[-0.946947, 2.727359484014067], [0.0649237, -0.0480056]],
		      [[-3.82746, -4.1832729459777145], [0.0380668, -0.0421293]],
		      [[3.71641, 0.4902351894839245], [0.0211826, -0.0354169]],
		      [[-1.35622, 0.5133588364051795], [0.0107608, -0.0286234]],
		      [[0.323157, -0.09652465882637594], [0.00466657, -0.0223761]],
		      [[-0.0324679, -0.02388921341376539], [0.00155121, -0.0170216]],
		      [[-0.00323914, -0.00038390962759], [0.000459392, -0.0122277]]
		  ] }
	      ]
	     }
}
		  
